IDs,Subtypes
LORFL: Longest ORF length,Open reading frame
ORFCo: ORF coverage,Open reading frame
ORFIn: ORF integrity,Open reading frame
ORFFS: ORF frame score,Open reading frame
ORFEA: Entropy density A on ORF,Open reading frame
ORFEC: Entropy density C on ORF,Open reading frame
ORFED: Entropy density D on ORF,Open reading frame
ORFEE: Entropy density E on ORF,Open reading frame
ORFEF: Entropy density F on ORF,Open reading frame
ORFEG: Entropy density G on ORF,Open reading frame
ORFEH: Entropy density H on ORF,Open reading frame
ORFEI: Entropy density I on ORF,Open reading frame
ORFEK: Entropy density K on ORF,Open reading frame
ORFEL: Entropy density L on ORF,Open reading frame
ORFEM: Entropy density M on ORF,Open reading frame
ORFEN: Entropy density N on ORF,Open reading frame
ORFEP: Entropy density P on ORF,Open reading frame
ORFEQ: Entropy density Q on ORF,Open reading frame
ORFER: Entropy density R on ORF,Open reading frame
ORFES: Entropy density S on ORF,Open reading frame
ORFET: Entropy density T on ORF,Open reading frame
ORFEV: Entropy density V on ORF,Open reading frame
ORFEW: Entropy density W on ORF,Open reading frame
ORFEY: Entropy density Y on ORF,Open reading frame
L5UTR: Length of 5 untranslated region,Transcript related
L3UTR: Length of 3 untranslated region,Transcript related
TrLen: Transcript length,Transcript related
C5UTR: Coverage of 5 untranslated region,Transcript related
C3UTR: Coverage of 3 untranslated region,Transcript related
TraEA: Entropy density A on transcript,Transcript related
TraEC: Entropy density C on transcript,Transcript related
TraED: Entropy density D on transcript,Transcript related
TraEE: Entropy density E on transcript,Transcript related
TraEF: Entropy density F on transcript,Transcript related
TraEG: Entropy density G on transcript,Transcript related
TraEH: Entropy density H on transcript,Transcript related
TraEI: Entropy density I on transcript,Transcript related
TraEK: Entropy density K on transcript,Transcript related
TraEL: Entropy density L on transcript,Transcript related
TraEM: Entropy density M on transcript,Transcript related
TraEN: Entropy density N on transcript,Transcript related
TraEP: Entropy density P on transcript,Transcript related
TraEQ: Entropy density Q on transcript,Transcript related
TraER: Entropy density R on transcript,Transcript related
TraES: Entropy density S on transcript,Transcript related
TraET: Entropy density T on transcript,Transcript related
TraEV: Entropy density V on transcript,Transcript related
TraEW: Entropy density W on transcript,Transcript related
TraEY: Entropy density Y on transcript,Transcript related
ComRA: Composition of A,Transcript related
ComRT: Composition of T,Transcript related
ComRG: Composition of G,Transcript related
ComRC: Composition of C,Transcript related
TraAT: Transition between A and T,Transcript related
TraAG: Transition between A and G,Transcript related
TraAC: Transition between A and C,Transcript related
TraTG: Transition between T and G,Transcript related
TraTC: Transition between T and C,Transcript related
TraGC: Transition between G and C,Transcript related
DPRA0: Distribution of 0.00A,Transcript related
DPRA1: Distribution of 0.25A,Transcript related
DPRA2: Distribution of 0.50A,Transcript related
DPRA3: Distribution of 0.75A,Transcript related
DPRA4: Distribution of 1.00A,Transcript related
DPRT0: Distribution of 0.00T,Transcript related
DPRT1: Distribution of 0.25T,Transcript related
DPRT2: Distribution of 0.50T,Transcript related
DPRT3: Distribution of 0.75T,Transcript related
DPRT4: Distribution of 1.00T,Transcript related
DPRG0: Distribution of 0.00G,Transcript related
DPRG1: Distribution of 0.25G,Transcript related
DPRG2: Distribution of 0.50G,Transcript related
DPRG3: Distribution of 0.75G,Transcript related
DPRG4: Distribution of 1.00G,Transcript related
DPRC0: Distribution of 0.00C,Transcript related
DPRC1: Distribution of 0.25C,Transcript related
DPRC2: Distribution of 0.50C,Transcript related
DPRC3: Distribution of 0.75C,Transcript related
DPRC4: Distribution of 1.00C,Transcript related
FickS: Fickett score,Codon related
SCCou: Stop codon count,Codon related
SCFre: Stop codon frequency,Codon related
SCCFS: Stop codon count frame score,Codon related
SCFFS: Stop codon frequency frame score,Codon related
ProII: Pseudo protein instability index,Pseudo protein related
ProPI: Pseudo protein isoelectric point,Pseudo protein related
ProAH: Pseudo protein average hydropathy,Pseudo protein related
ProMW: Pseudo protein molecular weight,Pseudo protein related
PPMFS: Pseudo protein PI-MW frame score,Pseudo protein related
GCCoW: GC content of whole sequence,Guanine-cytosine related
GCCo1: GC content of 1st position of codons,Guanine-cytosine related
GCCo2: GC content of 2nd position of codons,Guanine-cytosine related
GCCo3: GC content of 3rd position of codons,Guanine-cytosine related
GCC1V: GCCo1 variance frame score,Guanine-cytosine related
GCC2V: GCCo2 variance frame score,Guanine-cytosine related
GCC3V: GCCo3 variance frame score,Guanine-cytosine related
ABST1: Dinucleotide auto covariance of lag1 on BST,Nucleotide related
APID1: Dinucleotide auto covariance of lag1 on PID,Nucleotide related
ABDT1: Dinucleotide auto covariance of lag1 on BDT,Nucleotide related
ADGC1: Dinucleotide auto covariance of lag1 on DGC,Nucleotide related
AAPH1: Dinucleotide auto covariance of lag1 on APH,Nucleotide related
APTW1: Dinucleotide auto covariance of lag1 on PTW,Nucleotide related
ADST1: Dinucleotide auto covariance of lag1 on DST,Nucleotide related
ADTB1: Dinucleotide auto covariance of lag1 on DTB,Nucleotide related
ADDT1: Dinucleotide auto covariance of lag1 on DDT,Nucleotide related
ABDS1: Dinucleotide auto covariance of lag1 on BDS,Nucleotide related
APDT1: Dinucleotide auto covariance of lag1 on PDT,Nucleotide related
ASEZ1: Dinucleotide auto covariance of lag1 on SEZ,Nucleotide related
AABA1: Dinucleotide auto covariance of lag1 on ABA,Nucleotide related
ABDG1: Dinucleotide auto covariance of lag1 on BDG,Nucleotide related
ABDH1: Dinucleotide auto covariance of lag1 on BDH,Nucleotide related
ABLS1: Dinucleotide auto covariance of lag1 on BLS,Nucleotide related
AETI1: Dinucleotide auto covariance of lag1 on ETI,Nucleotide related
AHTF1: Dinucleotide auto covariance of lag1 on HTF,Nucleotide related
AHCT1: Dinucleotide auto covariance of lag1 on HCT,Nucleotide related
AIBA1: Dinucleotide auto covariance of lag1 on IBA,Nucleotide related
ALBZ1: Dinucleotide auto covariance of lag1 on LBZ,Nucleotide related
APIA1: Dinucleotide auto covariance of lag1 on PIA,Nucleotide related
ASDG1: Dinucleotide auto covariance of lag1 on SDG,Nucleotide related
ASDH1: Dinucleotide auto covariance of lag1 on SDH,Nucleotide related
ASDS1: Dinucleotide auto covariance of lag1 on SDS,Nucleotide related
ASFB1: Dinucleotide auto covariance of lag1 on SFB,Nucleotide related
ASTB1: Dinucleotide auto covariance of lag1 on STB,Nucleotide related
ASKE1: Dinucleotide auto covariance of lag1 on SKE,Nucleotide related
ASMG1: Dinucleotide auto covariance of lag1 on SMG,Nucleotide related
ASMH1: Dinucleotide auto covariance of lag1 on SMH,Nucleotide related
ASMS1: Dinucleotide auto covariance of lag1 on SMS,Nucleotide related
AWCI1: Dinucleotide auto covariance of lag1 on WCI,Nucleotide related
ATWI1: Dinucleotide auto covariance of lag1 on TWI,Nucleotide related
ATIL1: Dinucleotide auto covariance of lag1 on TIL,Nucleotide related
AROL1: Dinucleotide auto covariance of lag1 on ROL,Nucleotide related
ASHI1: Dinucleotide auto covariance of lag1 on SHI,Nucleotide related
ASLI1: Dinucleotide auto covariance of lag1 on SLI,Nucleotide related
ARIS1: Dinucleotide auto covariance of lag1 on RIS,Nucleotide related
ABST2: Dinucleotide auto covariance of lag2 on BST,Nucleotide related
APID2: Dinucleotide auto covariance of lag2 on PID,Nucleotide related
ABDT2: Dinucleotide auto covariance of lag2 on BDT,Nucleotide related
ADGC2: Dinucleotide auto covariance of lag2 on DGC,Nucleotide related
AAPH2: Dinucleotide auto covariance of lag2 on APH,Nucleotide related
APTW2: Dinucleotide auto covariance of lag2 on PTW,Nucleotide related
ADST2: Dinucleotide auto covariance of lag2 on DST,Nucleotide related
ADTB2: Dinucleotide auto covariance of lag2 on DTB,Nucleotide related
ADDT2: Dinucleotide auto covariance of lag2 on DDT,Nucleotide related
ABDS2: Dinucleotide auto covariance of lag2 on BDS,Nucleotide related
APDT2: Dinucleotide auto covariance of lag2 on PDT,Nucleotide related
ASEZ2: Dinucleotide auto covariance of lag2 on SEZ,Nucleotide related
AABA2: Dinucleotide auto covariance of lag2 on ABA,Nucleotide related
ABDG2: Dinucleotide auto covariance of lag2 on BDG,Nucleotide related
ABDH2: Dinucleotide auto covariance of lag2 on BDH,Nucleotide related
ABLS2: Dinucleotide auto covariance of lag2 on BLS,Nucleotide related
AETI2: Dinucleotide auto covariance of lag2 on ETI,Nucleotide related
AHTF2: Dinucleotide auto covariance of lag2 on HTF,Nucleotide related
AHCT2: Dinucleotide auto covariance of lag2 on HCT,Nucleotide related
AIBA2: Dinucleotide auto covariance of lag2 on IBA,Nucleotide related
ALBZ2: Dinucleotide auto covariance of lag2 on LBZ,Nucleotide related
APIA2: Dinucleotide auto covariance of lag2 on PIA,Nucleotide related
ASDG2: Dinucleotide auto covariance of lag2 on SDG,Nucleotide related
ASDH2: Dinucleotide auto covariance of lag2 on SDH,Nucleotide related
ASDS2: Dinucleotide auto covariance of lag2 on SDS,Nucleotide related
ASFB2: Dinucleotide auto covariance of lag2 on SFB,Nucleotide related
ASTB2: Dinucleotide auto covariance of lag2 on STB,Nucleotide related
ASKE2: Dinucleotide auto covariance of lag2 on SKE,Nucleotide related
ASMG2: Dinucleotide auto covariance of lag2 on SMG,Nucleotide related
ASMH2: Dinucleotide auto covariance of lag2 on SMH,Nucleotide related
ASMS2: Dinucleotide auto covariance of lag2 on SMS,Nucleotide related
AWCI2: Dinucleotide auto covariance of lag2 on WCI,Nucleotide related
ATWI2: Dinucleotide auto covariance of lag2 on TWI,Nucleotide related
ATIL2: Dinucleotide auto covariance of lag2 on TIL,Nucleotide related
AROL2: Dinucleotide auto covariance of lag2 on ROL,Nucleotide related
ASHI2: Dinucleotide auto covariance of lag2 on SHI,Nucleotide related
ASLI2: Dinucleotide auto covariance of lag2 on SLI,Nucleotide related
ARIS2: Dinucleotide auto covariance of lag2 on RIS,Nucleotide related
CC101: Cross covariance of lag1 on PID-BDS,Nucleotide related
CC102: Cross covariance of lag1 on PID-ETI,Nucleotide related
CC103: Cross covariance of lag1 on PID-SKE,Nucleotide related
CC104: Cross covariance of lag1 on PID-WCI,Nucleotide related
CC105: Cross covariance of lag1 on PID-SLI,Nucleotide related
CC106: Cross covariance of lag1 on BDS-PID,Nucleotide related
CC107: Cross covariance of lag1 on BDS-ETI,Nucleotide related
CC108: Cross covariance of lag1 on BDS-SKE,Nucleotide related
CC109: Cross covariance of lag1 on BDS-WCI,Nucleotide related
CC110: Cross covariance of lag1 on BDS-SLI,Nucleotide related
CC111: Cross covariance of lag1 on ETI-PID,Nucleotide related
CC112: Cross covariance of lag1 on ETI-BDS,Nucleotide related
CC113: Cross covariance of lag1 on ETI-SKE,Nucleotide related
CC114: Cross covariance of lag1 on ETI-WCI,Nucleotide related
CC115: Cross covariance of lag1 on ETI-SLI,Nucleotide related
CC116: Cross covariance of lag1 on SKE-PID,Nucleotide related
CC117: Cross covariance of lag1 on SKE-BDS,Nucleotide related
CC118: Cross covariance of lag1 on SKE-ETI,Nucleotide related
CC119: Cross covariance of lag1 on SKE-WCI,Nucleotide related
CC120: Cross covariance of lag1 on SKE-SLI,Nucleotide related
CC121: Cross covariance of lag1 on WCI-PID,Nucleotide related
CC122: Cross covariance of lag1 on WCI-BDS,Nucleotide related
CC123: Cross covariance of lag1 on WCI-ETI,Nucleotide related
CC124: Cross covariance of lag1 on WCI-SKE,Nucleotide related
CC125: Cross covariance of lag1 on WCI-SLI,Nucleotide related
CC126: Cross covariance of lag1 on SLI-PID,Nucleotide related
CC127: Cross covariance of lag1 on SLI-BDS,Nucleotide related
CC128: Cross covariance of lag1 on SLI-ETI,Nucleotide related
CC129: Cross covariance of lag1 on SLI-SKE,Nucleotide related
CC130: Cross covariance of lag1 on SLI-WCI,Nucleotide related
CC201: Cross covariance of lag2 on PID-BDS,Nucleotide related
CC202: Cross covariance of lag2 on PID-ETI,Nucleotide related
CC203: Cross covariance of lag2 on PID-SKE,Nucleotide related
CC204: Cross covariance of lag2 on PID-WCI,Nucleotide related
CC205: Cross covariance of lag2 on PID-SLI,Nucleotide related
CC206: Cross covariance of lag2 on BDS-PID,Nucleotide related
CC207: Cross covariance of lag2 on BDS-ETI,Nucleotide related
CC208: Cross covariance of lag2 on BDS-SKE,Nucleotide related
CC209: Cross covariance of lag2 on BDS-WCI,Nucleotide related
CC210: Cross covariance of lag2 on BDS-SLI,Nucleotide related
CC211: Cross covariance of lag2 on ETI-PID,Nucleotide related
CC212: Cross covariance of lag2 on ETI-BDS,Nucleotide related
CC213: Cross covariance of lag2 on ETI-SKE,Nucleotide related
CC214: Cross covariance of lag2 on ETI-WCI,Nucleotide related
CC215: Cross covariance of lag2 on ETI-SLI,Nucleotide related
CC216: Cross covariance of lag2 on SKE-PID,Nucleotide related
CC217: Cross covariance of lag2 on SKE-BDS,Nucleotide related
CC218: Cross covariance of lag2 on SKE-ETI,Nucleotide related
CC219: Cross covariance of lag2 on SKE-WCI,Nucleotide related
CC220: Cross covariance of lag2 on SKE-SLI,Nucleotide related
CC221: Cross covariance of lag2 on WCI-PID,Nucleotide related
CC222: Cross covariance of lag2 on WCI-BDS,Nucleotide related
CC223: Cross covariance of lag2 on WCI-ETI,Nucleotide related
CC224: Cross covariance of lag2 on WCI-SKE,Nucleotide related
CC225: Cross covariance of lag2 on WCI-SLI,Nucleotide related
CC226: Cross covariance of lag2 on SLI-PID,Nucleotide related
CC227: Cross covariance of lag2 on SLI-BDS,Nucleotide related
CC228: Cross covariance of lag2 on SLI-ETI,Nucleotide related
CC229: Cross covariance of lag2 on SLI-SKE,Nucleotide related
CC230: Cross covariance of lag2 on SLI-WCI,Nucleotide related
PCDAA: Parallel correlation PseDN composition of AA,Nucleotide related
PCDAT: Parallel correlation PseDN composition of AT,Nucleotide related
PCDAC: Parallel correlation PseDN composition of AC,Nucleotide related
PCDAG: Parallel correlation PseDN composition of AG,Nucleotide related
PCDTA: Parallel correlation PseDN composition of TA,Nucleotide related
PCDTT: Parallel correlation PseDN composition of TT,Nucleotide related
PCDTC: Parallel correlation PseDN composition of TC,Nucleotide related
PCDTG: Parallel correlation PseDN composition of TG,Nucleotide related
PCDCA: Parallel correlation PseDN composition of CA,Nucleotide related
PCDCT: Parallel correlation PseDN composition of CT,Nucleotide related
PCDCC: Parallel correlation PseDN composition of CC,Nucleotide related
PCDCG: Parallel correlation PseDN composition of CG,Nucleotide related
PCDGA: Parallel correlation PseDN composition of GA,Nucleotide related
PCDGT: Parallel correlation PseDN composition of GT,Nucleotide related
PCDGC: Parallel correlation PseDN composition of GC,Nucleotide related
PCDGG: Parallel correlation PseDN composition of GG,Nucleotide related
PCDl1: Parallel correlation PseDN composition of lamda1,Nucleotide related
PCDl2: Parallel correlation PseDN composition of lamda2,Nucleotide related
SCDAA: Series correlation PseDN composition of AA,Nucleotide related
SCDAT: Series correlation PseDN composition of AT,Nucleotide related
SCDAC: Series correlation PseDN composition of AC,Nucleotide related
SCDAG: Series correlation PseDN composition of AG,Nucleotide related
SCDTA: Series correlation PseDN composition of TA,Nucleotide related
SCDTT: Series correlation PseDN composition of TT,Nucleotide related
SCDTC: Series correlation PseDN composition of TC,Nucleotide related
SCDTG: Series correlation PseDN composition of TG,Nucleotide related
SCDCA: Series correlation PseDN composition of CA,Nucleotide related
SCDCT: Series correlation PseDN composition of CT,Nucleotide related
SCDCC: Series correlation PseDN composition of CC,Nucleotide related
SCDCG: Series correlation PseDN composition of CG,Nucleotide related
SCDGA: Series correlation PseDN composition of GA,Nucleotide related
SCDGT: Series correlation PseDN composition of GT,Nucleotide related
SCDGC: Series correlation PseDN composition of GC,Nucleotide related
SCDGG: Series correlation PseDN composition of GG,Nucleotide related
L1PID: Series correlation PseDN composition of lamda1-PID,Nucleotide related
L1BDS: Series correlation PseDN composition of lamda1-BDS,Nucleotide related
L1ETI: Series correlation PseDN composition of lamda1-ETI,Nucleotide related
L1SKE: Series correlation PseDN composition of lamda1-SKE,Nucleotide related
L1WCI: Series correlation PseDN composition of lamda1-WCI,Nucleotide related
L1SLI: Series correlation PseDN composition of lamda1-SLI,Nucleotide related
L2PID: Series correlation PseDN composition of lamda2-PID,Nucleotide related
L2BDS: Series correlation PseDN composition of lamda2-BDS,Nucleotide related
L2ETI: Series correlation PseDN composition of lamda2-ETI,Nucleotide related
L2SKE: Series correlation PseDN composition of lamda2-SKE,Nucleotide related
L2WCI: Series correlation PseDN composition of lamda2-WCI,Nucleotide related
L2SLI: Series correlation PseDN composition of lamda2-SLI,Nucleotide related
nMFE,Secondary structure
Base pairs,Secondary structure
.,Secondary structure
(,Secondary structure
..,Secondary structure
.(,Secondary structure
(.,Secondary structure
((,Secondary structure
...,Secondary structure
..(,Secondary structure
.(.,Secondary structure
.((,Secondary structure
(..,Secondary structure
(.(,Secondary structure
((.,Secondary structure
(((,Secondary structure
....,Secondary structure
...(,Secondary structure
..(.,Secondary structure
..((,Secondary structure
.(..,Secondary structure
.(.(,Secondary structure
.((.,Secondary structure
.(((,Secondary structure
(...,Secondary structure
(..(,Secondary structure
(.(.,Secondary structure
(.((,Secondary structure
((..,Secondary structure
((.(,Secondary structure
(((.,Secondary structure
((((,Secondary structure
EipSP: Electron-ion interaction pseudopotential signal peak,EIIP based spectrum
EipAP: Electron-ion interaction pseudopotential average power,EIIP based spectrum
EiSNR: Electron-ion interaction pseudopotential signal/noise ratio,EIIP based spectrum
EiPS0: Electron-ion interaction pseudopotential spectrum 0,EIIP based spectrum
EiPS1: Electron-ion interaction pseudopotential spectrum 0.25,EIIP based spectrum
EiPS2: Electron-ion interaction pseudopotential spectrum 0.5,EIIP based spectrum
EiPS3: Electron-ion interaction pseudopotential spectrum 0.75,EIIP based spectrum
EiPS4: Electron-ion interaction pseudopotential spectrum 1,EIIP based spectrum
LFICA: Lipoaffinity index composition of A,Solubility lipoaffinity
LFICB: Lipoaffinity index composition of B,Solubility lipoaffinity
LFIAB: Lipoaffinity index transition between A and B,Solubility lipoaffinity
LFIA0: Lipoaffinity index distribution of 0.00A,Solubility lipoaffinity
LFIA1: Lipoaffinity index distribution of 0.25A,Solubility lipoaffinity
LFIA2: Lipoaffinity index distribution of 0.50A,Solubility lipoaffinity
LFIA3: Lipoaffinity index distribution of 0.75A,Solubility lipoaffinity
LFIA4: Lipoaffinity index distribution of 1.00A,Solubility lipoaffinity
LFIB0: Lipoaffinity index distribution of 0.00B,Solubility lipoaffinity
LFIB1: Lipoaffinity index distribution of 0.25B,Solubility lipoaffinity
LFIB2: Lipoaffinity index distribution of 0.50B,Solubility lipoaffinity
LFIB3: Lipoaffinity index distribution of 0.75B,Solubility lipoaffinity
LFIB4: Lipoaffinity index distribution of 1.00B,Solubility lipoaffinity
LFICA: Lipoaffinity index_3 composition of A,Solubility lipoaffinity
LFICB: Lipoaffinity index_3 composition of B,Solubility lipoaffinity
LFICC: Lipoaffinity index_3 composition of C,Solubility lipoaffinity
LFIAB: Lipoaffinity index_3 transition between A and B,Solubility lipoaffinity
LFIAC: Lipoaffinity index_3 transition between A and C,Solubility lipoaffinity
LFIBC: Lipoaffinity index_3 transition between B and C,Solubility lipoaffinity
LFIA0: Lipoaffinity index_3 distribution of 0.00A,Solubility lipoaffinity
LFIA1: Lipoaffinity index_3 distribution of 0.25A,Solubility lipoaffinity
LFIA2: Lipoaffinity index_3 distribution of 0.50A,Solubility lipoaffinity
LFIA3: Lipoaffinity index_3 distribution of 0.75A,Solubility lipoaffinity
LFIA4: Lipoaffinity index_3 distribution of 1.00A,Solubility lipoaffinity
LFIB0: Lipoaffinity index_3 distribution of 0.00B,Solubility lipoaffinity
LFIB1: Lipoaffinity index_3 distribution of 0.25B,Solubility lipoaffinity
LFIB2: Lipoaffinity index_3 distribution of 0.50B,Solubility lipoaffinity
LFIB3: Lipoaffinity index_3 distribution of 0.75B,Solubility lipoaffinity
LFIB4: Lipoaffinity index_3 distribution of 1.00B,Solubility lipoaffinity
LFIC0: Lipoaffinity index_3 distriCution of 0.00C,Solubility lipoaffinity
LFIC1: Lipoaffinity index_3 distriCution of 0.25C,Solubility lipoaffinity
LFIC2: Lipoaffinity index_3 distriCution of 0.50C,Solubility lipoaffinity
LFIC3: Lipoaffinity index_3 distriCution of 0.75C,Solubility lipoaffinity
LFIC4: Lipoaffinity index_3 distriCution of 1.00C,Solubility lipoaffinity
LFI: Lipoaffinity index0,Solubility lipoaffinity
LFI: Lipoaffinity index_30,Solubility lipoaffinity
LFI: Lipoaffinity index00,Solubility lipoaffinity
LFI: Lipoaffinity index01,Solubility lipoaffinity
LFI: Lipoaffinity index10,Solubility lipoaffinity
LFI: Lipoaffinity index_300,Solubility lipoaffinity
LFI: Lipoaffinity index_301,Solubility lipoaffinity
LFI: Lipoaffinity index_302,Solubility lipoaffinity
LFI: Lipoaffinity index_310,Solubility lipoaffinity
LFI: Lipoaffinity index_320,Solubility lipoaffinity
LFI: Lipoaffinity index000,Solubility lipoaffinity
LFI: Lipoaffinity index001,Solubility lipoaffinity
LFI: Lipoaffinity index010,Solubility lipoaffinity
LFI: Lipoaffinity index011,Solubility lipoaffinity
LFI: Lipoaffinity index100,Solubility lipoaffinity
LFI: Lipoaffinity index101,Solubility lipoaffinity
LFI: Lipoaffinity index110,Solubility lipoaffinity
LFI: Lipoaffinity index_3000,Solubility lipoaffinity
LFI: Lipoaffinity index_3001,Solubility lipoaffinity
LFI: Lipoaffinity index_3002,Solubility lipoaffinity
LFI: Lipoaffinity index_3010,Solubility lipoaffinity
LFI: Lipoaffinity index_3011,Solubility lipoaffinity
LFI: Lipoaffinity index_3012,Solubility lipoaffinity
LFI: Lipoaffinity index_3020,Solubility lipoaffinity
LFI: Lipoaffinity index_3021,Solubility lipoaffinity
LFI: Lipoaffinity index_3022,Solubility lipoaffinity
LFI: Lipoaffinity index_3100,Solubility lipoaffinity
LFI: Lipoaffinity index_3101,Solubility lipoaffinity
LFI: Lipoaffinity index_3102,Solubility lipoaffinity
LFI: Lipoaffinity index_3110,Solubility lipoaffinity
LFI: Lipoaffinity index_3120,Solubility lipoaffinity
LFI: Lipoaffinity index_3200,Solubility lipoaffinity
LFI: Lipoaffinity index_3201,Solubility lipoaffinity
LFI: Lipoaffinity index_3202,Solubility lipoaffinity
LFI: Lipoaffinity index_3210,Solubility lipoaffinity
LFI: Lipoaffinity index_3220,Solubility lipoaffinity
HPCCA: Gas-hexadecane PC composition of A,Partition coefficient
HPCCB: Gas-hexadecane PC composition of B,Partition coefficient
HPCAB: Gas-hexadecane PC transition between A and B,Partition coefficient
HPCA0: Gas-hexadecane PC distribution of 0.00A,Partition coefficient
HPCA1: Gas-hexadecane PC distribution of 0.25A,Partition coefficient
HPCA2: Gas-hexadecane PC distribution of 0.50A,Partition coefficient
HPCA3: Gas-hexadecane PC distribution of 0.75A,Partition coefficient
HPCA4: Gas-hexadecane PC distribution of 1.00A,Partition coefficient
HPCB0: Gas-hexadecane PC distribution of 0.00B,Partition coefficient
HPCB1: Gas-hexadecane PC distribution of 0.25B,Partition coefficient
HPCB2: Gas-hexadecane PC distribution of 0.50B,Partition coefficient
HPCB3: Gas-hexadecane PC distribution of 0.75B,Partition coefficient
HPCB4: Gas-hexadecane PC distribution of 1.00B,Partition coefficient
HPCCA: Gas-hexadecane PC_3 composition of A,Partition coefficient
HPCCB: Gas-hexadecane PC_3 composition of B,Partition coefficient
HPCCC: Gas-hexadecane PC_3 composition of C,Partition coefficient
HPCAB: Gas-hexadecane PC_3 transition between A and B,Partition coefficient
HPCAC: Gas-hexadecane PC_3 transition between A and C,Partition coefficient
HPCBC: Gas-hexadecane PC_3 transition between B and C,Partition coefficient
HPCA0: Gas-hexadecane PC_3 distribution of 0.00A,Partition coefficient
HPCA1: Gas-hexadecane PC_3 distribution of 0.25A,Partition coefficient
HPCA2: Gas-hexadecane PC_3 distribution of 0.50A,Partition coefficient
HPCA3: Gas-hexadecane PC_3 distribution of 0.75A,Partition coefficient
HPCA4: Gas-hexadecane PC_3 distribution of 1.00A,Partition coefficient
HPCB0: Gas-hexadecane PC_3 distribution of 0.00B,Partition coefficient
HPCB1: Gas-hexadecane PC_3 distribution of 0.25B,Partition coefficient
HPCB2: Gas-hexadecane PC_3 distribution of 0.50B,Partition coefficient
HPCB3: Gas-hexadecane PC_3 distribution of 0.75B,Partition coefficient
HPCB4: Gas-hexadecane PC_3 distribution of 1.00B,Partition coefficient
HPCC0: Gas-hexadecane PC_3 distriCution of 0.00C,Partition coefficient
HPCC1: Gas-hexadecane PC_3 distriCution of 0.25C,Partition coefficient
HPCC2: Gas-hexadecane PC_3 distriCution of 0.50C,Partition coefficient
HPCC3: Gas-hexadecane PC_3 distriCution of 0.75C,Partition coefficient
HPCC4: Gas-hexadecane PC_3 distriCution of 1.00C,Partition coefficient
HPC: Gas-hexadecane PC0,Partition coefficient
HPC: Gas-hexadecane PC_30,Partition coefficient
HPC: Gas-hexadecane PC00,Partition coefficient
HPC: Gas-hexadecane PC01,Partition coefficient
HPC: Gas-hexadecane PC10,Partition coefficient
HPC: Gas-hexadecane PC_300,Partition coefficient
HPC: Gas-hexadecane PC_301,Partition coefficient
HPC: Gas-hexadecane PC_302,Partition coefficient
HPC: Gas-hexadecane PC_310,Partition coefficient
HPC: Gas-hexadecane PC_320,Partition coefficient
HPC: Gas-hexadecane PC000,Partition coefficient
HPC: Gas-hexadecane PC001,Partition coefficient
HPC: Gas-hexadecane PC010,Partition coefficient
HPC: Gas-hexadecane PC011,Partition coefficient
HPC: Gas-hexadecane PC100,Partition coefficient
HPC: Gas-hexadecane PC101,Partition coefficient
HPC: Gas-hexadecane PC110,Partition coefficient
HPC: Gas-hexadecane PC_3000,Partition coefficient
HPC: Gas-hexadecane PC_3001,Partition coefficient
HPC: Gas-hexadecane PC_3002,Partition coefficient
HPC: Gas-hexadecane PC_3010,Partition coefficient
HPC: Gas-hexadecane PC_3011,Partition coefficient
HPC: Gas-hexadecane PC_3012,Partition coefficient
HPC: Gas-hexadecane PC_3020,Partition coefficient
HPC: Gas-hexadecane PC_3021,Partition coefficient
HPC: Gas-hexadecane PC_3022,Partition coefficient
HPC: Gas-hexadecane PC_3100,Partition coefficient
HPC: Gas-hexadecane PC_3101,Partition coefficient
HPC: Gas-hexadecane PC_3102,Partition coefficient
HPC: Gas-hexadecane PC_3110,Partition coefficient
HPC: Gas-hexadecane PC_3120,Partition coefficient
HPC: Gas-hexadecane PC_3200,Partition coefficient
HPC: Gas-hexadecane PC_3201,Partition coefficient
HPC: Gas-hexadecane PC_3202,Partition coefficient
HPC: Gas-hexadecane PC_3210,Partition coefficient
HPC: Gas-hexadecane PC_3220,Partition coefficient
MReCA: Molar refractivity composition of A,Polarizability refractivity
MReCB: Molar refractivity composition of B,Polarizability refractivity
MReAB: Molar refractivity transition between A and B,Polarizability refractivity
MReA0: Molar refractivity distribution of 0.00A,Polarizability refractivity
MReA1: Molar refractivity distribution of 0.25A,Polarizability refractivity
MReA2: Molar refractivity distribution of 0.50A,Polarizability refractivity
MReA3: Molar refractivity distribution of 0.75A,Polarizability refractivity
MReA4: Molar refractivity distribution of 1.00A,Polarizability refractivity
MReB0: Molar refractivity distribution of 0.00B,Polarizability refractivity
MReB1: Molar refractivity distribution of 0.25B,Polarizability refractivity
MReB2: Molar refractivity distribution of 0.50B,Polarizability refractivity
MReB3: Molar refractivity distribution of 0.75B,Polarizability refractivity
MReB4: Molar refractivity distribution of 1.00B,Polarizability refractivity
MRe: Molar refractivity0,Polarizability refractivity
MRe: Molar refractivity1,Polarizability refractivity
MRe: Molar refractivity00,Polarizability refractivity
MRe: Molar refractivity01,Polarizability refractivity
MRe: Molar refractivity10,Polarizability refractivity
MRe: Molar refractivity11,Polarizability refractivity
MRe: Molar refractivity000,Polarizability refractivity
MRe: Molar refractivity001,Polarizability refractivity
MRe: Molar refractivity010,Polarizability refractivity
MRe: Molar refractivity011,Polarizability refractivity
MRe: Molar refractivity100,Polarizability refractivity
MRe: Molar refractivity101,Polarizability refractivity
MRe: Molar refractivity110,Polarizability refractivity
MRe: Molar refractivity111,Polarizability refractivity
SHDCA: Strong H-Bond donors composition of A,Hydrogen bond related
SHDCB: Strong H-Bond donors composition of B,Hydrogen bond related
SHDAB: Strong H-Bond donors transition between A and B,Hydrogen bond related
SHDA0: Strong H-Bond donors distribution of 0.00A,Hydrogen bond related
SHDA1: Strong H-Bond donors distribution of 0.25A,Hydrogen bond related
SHDA2: Strong H-Bond donors distribution of 0.50A,Hydrogen bond related
SHDA3: Strong H-Bond donors distribution of 0.75A,Hydrogen bond related
SHDA4: Strong H-Bond donors distribution of 1.00A,Hydrogen bond related
SHDB0: Strong H-Bond donors distribution of 0.00B,Hydrogen bond related
SHDB1: Strong H-Bond donors distribution of 0.25B,Hydrogen bond related
SHDB2: Strong H-Bond donors distribution of 0.50B,Hydrogen bond related
SHDB3: Strong H-Bond donors distribution of 0.75B,Hydrogen bond related
SHDB4: Strong H-Bond donors distribution of 1.00B,Hydrogen bond related
MLFCA: Linear free energy composition of A,Hydrogen bond related
MLFCB: Linear free energy composition of B,Hydrogen bond related
MLFAB: Linear free energy transition between A and B,Hydrogen bond related
MLFA0: Linear free energy distribution of 0.00A,Hydrogen bond related
MLFA1: Linear free energy distribution of 0.25A,Hydrogen bond related
MLFA2: Linear free energy distribution of 0.50A,Hydrogen bond related
MLFA3: Linear free energy distribution of 0.75A,Hydrogen bond related
MLFA4: Linear free energy distribution of 1.00A,Hydrogen bond related
MLFB0: Linear free energy distribution of 0.00B,Hydrogen bond related
MLFB1: Linear free energy distribution of 0.25B,Hydrogen bond related
MLFB2: Linear free energy distribution of 0.50B,Hydrogen bond related
MLFB3: Linear free energy distribution of 0.75B,Hydrogen bond related
MLFB4: Linear free energy distribution of 1.00B,Hydrogen bond related
SHACA: Strong H-Bond acceptors_3 composition of A,Hydrogen bond related
SHACB: Strong H-Bond acceptors_3 composition of B,Hydrogen bond related
SHACC: Strong H-Bond acceptors_3 composition of C,Hydrogen bond related
SHAAB: Strong H-Bond acceptors_3 transition between A and B,Hydrogen bond related
SHAAC: Strong H-Bond acceptors_3 transition between A and C,Hydrogen bond related
SHABC: Strong H-Bond acceptors_3 transition between B and C,Hydrogen bond related
SHAA0: Strong H-Bond acceptors_3 distribution of 0.00A,Hydrogen bond related
SHAA1: Strong H-Bond acceptors_3 distribution of 0.25A,Hydrogen bond related
SHAA2: Strong H-Bond acceptors_3 distribution of 0.50A,Hydrogen bond related
SHAA3: Strong H-Bond acceptors_3 distribution of 0.75A,Hydrogen bond related
SHAA4: Strong H-Bond acceptors_3 distribution of 1.00A,Hydrogen bond related
SHAB0: Strong H-Bond acceptors_3 distribution of 0.00B,Hydrogen bond related
SHAB1: Strong H-Bond acceptors_3 distribution of 0.25B,Hydrogen bond related
SHAB2: Strong H-Bond acceptors_3 distribution of 0.50B,Hydrogen bond related
SHAB3: Strong H-Bond acceptors_3 distribution of 0.75B,Hydrogen bond related
SHAB4: Strong H-Bond acceptors_3 distribution of 1.00B,Hydrogen bond related
SHAC0: Strong H-Bond acceptors_3 distriCution of 0.00C,Hydrogen bond related
SHAC1: Strong H-Bond acceptors_3 distriCution of 0.25C,Hydrogen bond related
SHAC2: Strong H-Bond acceptors_3 distriCution of 0.50C,Hydrogen bond related
SHAC3: Strong H-Bond acceptors_3 distriCution of 0.75C,Hydrogen bond related
SHAC4: Strong H-Bond acceptors_3 distriCution of 1.00C,Hydrogen bond related
PHBCA: Potential Hydrogen Bonds_3 composition of A,Hydrogen bond related
PHBCB: Potential Hydrogen Bonds_3 composition of B,Hydrogen bond related
PHBCC: Potential Hydrogen Bonds_3 composition of C,Hydrogen bond related
PHBAB: Potential Hydrogen Bonds_3 transition between A and B,Hydrogen bond related
PHBAC: Potential Hydrogen Bonds_3 transition between A and C,Hydrogen bond related
PHBBC: Potential Hydrogen Bonds_3 transition between B and C,Hydrogen bond related
PHBA0: Potential Hydrogen Bonds_3 distribution of 0.00A,Hydrogen bond related
PHBA1: Potential Hydrogen Bonds_3 distribution of 0.25A,Hydrogen bond related
PHBA2: Potential Hydrogen Bonds_3 distribution of 0.50A,Hydrogen bond related
PHBA3: Potential Hydrogen Bonds_3 distribution of 0.75A,Hydrogen bond related
PHBA4: Potential Hydrogen Bonds_3 distribution of 1.00A,Hydrogen bond related
PHBB0: Potential Hydrogen Bonds_3 distribution of 0.00B,Hydrogen bond related
PHBB1: Potential Hydrogen Bonds_3 distribution of 0.25B,Hydrogen bond related
PHBB2: Potential Hydrogen Bonds_3 distribution of 0.50B,Hydrogen bond related
PHBB3: Potential Hydrogen Bonds_3 distribution of 0.75B,Hydrogen bond related
PHBB4: Potential Hydrogen Bonds_3 distribution of 1.00B,Hydrogen bond related
PHBC0: Potential Hydrogen Bonds_3 distriCution of 0.00C,Hydrogen bond related
PHBC1: Potential Hydrogen Bonds_3 distriCution of 0.25C,Hydrogen bond related
PHBC2: Potential Hydrogen Bonds_3 distriCution of 0.50C,Hydrogen bond related
PHBC3: Potential Hydrogen Bonds_3 distriCution of 0.75C,Hydrogen bond related
PHBC4: Potential Hydrogen Bonds_3 distriCution of 1.00C,Hydrogen bond related
SHD: Strong H-Bond donors0,Hydrogen bond related
MLF: Linear free energy0,Hydrogen bond related
MLF: Linear free energy1,Hydrogen bond related
SHA: Strong H-Bond acceptors_30,Hydrogen bond related
PHB: Potential Hydrogen Bonds_30,Hydrogen bond related
SHD: Strong H-Bond donors00,Hydrogen bond related
SHD: Strong H-Bond donors01,Hydrogen bond related
SHD: Strong H-Bond donors10,Hydrogen bond related
MLF: Linear free energy00,Hydrogen bond related
MLF: Linear free energy01,Hydrogen bond related
MLF: Linear free energy10,Hydrogen bond related
MLF: Linear free energy11,Hydrogen bond related
SHA: Strong H-Bond acceptors_300,Hydrogen bond related
SHA: Strong H-Bond acceptors_301,Hydrogen bond related
SHA: Strong H-Bond acceptors_302,Hydrogen bond related
SHA: Strong H-Bond acceptors_310,Hydrogen bond related
SHA: Strong H-Bond acceptors_320,Hydrogen bond related
PHB: Potential Hydrogen Bonds_300,Hydrogen bond related
PHB: Potential Hydrogen Bonds_301,Hydrogen bond related
PHB: Potential Hydrogen Bonds_302,Hydrogen bond related
PHB: Potential Hydrogen Bonds_310,Hydrogen bond related
PHB: Potential Hydrogen Bonds_320,Hydrogen bond related
SHD: Strong H-Bond donors000,Hydrogen bond related
SHD: Strong H-Bond donors001,Hydrogen bond related
SHD: Strong H-Bond donors010,Hydrogen bond related
SHD: Strong H-Bond donors011,Hydrogen bond related
SHD: Strong H-Bond donors100,Hydrogen bond related
SHD: Strong H-Bond donors101,Hydrogen bond related
SHD: Strong H-Bond donors110,Hydrogen bond related
MLF: Linear free energy000,Hydrogen bond related
MLF: Linear free energy001,Hydrogen bond related
MLF: Linear free energy010,Hydrogen bond related
MLF: Linear free energy011,Hydrogen bond related
MLF: Linear free energy100,Hydrogen bond related
MLF: Linear free energy101,Hydrogen bond related
MLF: Linear free energy110,Hydrogen bond related
MLF: Linear free energy111,Hydrogen bond related
SHA: Strong H-Bond acceptors_3000,Hydrogen bond related
SHA: Strong H-Bond acceptors_3001,Hydrogen bond related
SHA: Strong H-Bond acceptors_3002,Hydrogen bond related
SHA: Strong H-Bond acceptors_3010,Hydrogen bond related
SHA: Strong H-Bond acceptors_3011,Hydrogen bond related
SHA: Strong H-Bond acceptors_3012,Hydrogen bond related
SHA: Strong H-Bond acceptors_3020,Hydrogen bond related
SHA: Strong H-Bond acceptors_3021,Hydrogen bond related
SHA: Strong H-Bond acceptors_3022,Hydrogen bond related
SHA: Strong H-Bond acceptors_3100,Hydrogen bond related
SHA: Strong H-Bond acceptors_3101,Hydrogen bond related
SHA: Strong H-Bond acceptors_3102,Hydrogen bond related
SHA: Strong H-Bond acceptors_3110,Hydrogen bond related
SHA: Strong H-Bond acceptors_3120,Hydrogen bond related
SHA: Strong H-Bond acceptors_3200,Hydrogen bond related
SHA: Strong H-Bond acceptors_3201,Hydrogen bond related
SHA: Strong H-Bond acceptors_3202,Hydrogen bond related
SHA: Strong H-Bond acceptors_3210,Hydrogen bond related
SHA: Strong H-Bond acceptors_3220,Hydrogen bond related
PHB: Potential Hydrogen Bonds_3000,Hydrogen bond related
PHB: Potential Hydrogen Bonds_3001,Hydrogen bond related
PHB: Potential Hydrogen Bonds_3002,Hydrogen bond related
PHB: Potential Hydrogen Bonds_3010,Hydrogen bond related
PHB: Potential Hydrogen Bonds_3011,Hydrogen bond related
PHB: Potential Hydrogen Bonds_3012,Hydrogen bond related
PHB: Potential Hydrogen Bonds_3020,Hydrogen bond related
PHB: Potential Hydrogen Bonds_3021,Hydrogen bond related
PHB: Potential Hydrogen Bonds_3022,Hydrogen bond related
PHB: Potential Hydrogen Bonds_3100,Hydrogen bond related
PHB: Potential Hydrogen Bonds_3101,Hydrogen bond related
PHB: Potential Hydrogen Bonds_3102,Hydrogen bond related
PHB: Potential Hydrogen Bonds_3110,Hydrogen bond related
PHB: Potential Hydrogen Bonds_3120,Hydrogen bond related
PHB: Potential Hydrogen Bonds_3200,Hydrogen bond related
PHB: Potential Hydrogen Bonds_3201,Hydrogen bond related
PHB: Potential Hydrogen Bonds_3202,Hydrogen bond related
PHB: Potential Hydrogen Bonds_3210,Hydrogen bond related
PHB: Potential Hydrogen Bonds_3220,Hydrogen bond related
PSNCA: Primary or secondary nitrogens composition of A,Topological indice
PSNCB: Primary or secondary nitrogens composition of B,Topological indice
PSNAB: Primary or secondary nitrogens transition between A and B,Topological indice
PSNA0: Primary or secondary nitrogens distribution of 0.00A,Topological indice
PSNA1: Primary or secondary nitrogens distribution of 0.25A,Topological indice
PSNA2: Primary or secondary nitrogens distribution of 0.50A,Topological indice
PSNA3: Primary or secondary nitrogens distribution of 0.75A,Topological indice
PSNA4: Primary or secondary nitrogens distribution of 1.00A,Topological indice
PSNB0: Primary or secondary nitrogens distribution of 0.00B,Topological indice
PSNB1: Primary or secondary nitrogens distribution of 0.25B,Topological indice
PSNB2: Primary or secondary nitrogens distribution of 0.50B,Topological indice
PSNB3: Primary or secondary nitrogens distribution of 0.75B,Topological indice
PSNB4: Primary or secondary nitrogens distribution of 1.00B,Topological indice
SLFCA: Sum of path lengths starting from oxygens_3 composition of A,Topological indice
SLFCB: Sum of path lengths starting from oxygens_3 composition of B,Topological indice
SLFCC: Sum of path lengths starting from oxygens_3 composition of C,Topological indice
SLFAB: Sum of path lengths starting from oxygens_3 transition between A and B,Topological indice
SLFAC: Sum of path lengths starting from oxygens_3 transition between A and C,Topological indice
SLFBC: Sum of path lengths starting from oxygens_3 transition between B and C,Topological indice
SLFA0: Sum of path lengths starting from oxygens_3 distribution of 0.00A,Topological indice
SLFA1: Sum of path lengths starting from oxygens_3 distribution of 0.25A,Topological indice
SLFA2: Sum of path lengths starting from oxygens_3 distribution of 0.50A,Topological indice
SLFA3: Sum of path lengths starting from oxygens_3 distribution of 0.75A,Topological indice
SLFA4: Sum of path lengths starting from oxygens_3 distribution of 1.00A,Topological indice
SLFB0: Sum of path lengths starting from oxygens_3 distribution of 0.00B,Topological indice
SLFB1: Sum of path lengths starting from oxygens_3 distribution of 0.25B,Topological indice
SLFB2: Sum of path lengths starting from oxygens_3 distribution of 0.50B,Topological indice
SLFB3: Sum of path lengths starting from oxygens_3 distribution of 0.75B,Topological indice
SLFB4: Sum of path lengths starting from oxygens_3 distribution of 1.00B,Topological indice
SLFC0: Sum of path lengths starting from oxygens_3 distriCution of 0.00C,Topological indice
SLFC1: Sum of path lengths starting from oxygens_3 distriCution of 0.25C,Topological indice
SLFC2: Sum of path lengths starting from oxygens_3 distriCution of 0.50C,Topological indice
SLFC3: Sum of path lengths starting from oxygens_3 distriCution of 0.75C,Topological indice
SLFC4: Sum of path lengths starting from oxygens_3 distriCution of 1.00C,Topological indice
TPSCA: Topological polar surface area_3 composition of A,Topological indice
TPSCB: Topological polar surface area_3 composition of B,Topological indice
TPSCC: Topological polar surface area_3 composition of C,Topological indice
TPSAB: Topological polar surface area_3 transition between A and B,Topological indice
TPSAC: Topological polar surface area_3 transition between A and C,Topological indice
TPSBC: Topological polar surface area_3 transition between B and C,Topological indice
TPSA0: Topological polar surface area_3 distribution of 0.00A,Topological indice
TPSA1: Topological polar surface area_3 distribution of 0.25A,Topological indice
TPSA2: Topological polar surface area_3 distribution of 0.50A,Topological indice
TPSA3: Topological polar surface area_3 distribution of 0.75A,Topological indice
TPSA4: Topological polar surface area_3 distribution of 1.00A,Topological indice
TPSB0: Topological polar surface area_3 distribution of 0.00B,Topological indice
TPSB1: Topological polar surface area_3 distribution of 0.25B,Topological indice
TPSB2: Topological polar surface area_3 distribution of 0.50B,Topological indice
TPSB3: Topological polar surface area_3 distribution of 0.75B,Topological indice
TPSB4: Topological polar surface area_3 distribution of 1.00B,Topological indice
TPSC0: Topological polar surface area_3 distriCution of 0.00C,Topological indice
TPSC1: Topological polar surface area_3 distriCution of 0.25C,Topological indice
TPSC2: Topological polar surface area_3 distriCution of 0.50C,Topological indice
TPSC3: Topological polar surface area_3 distriCution of 0.75C,Topological indice
TPSC4: Topological polar surface area_3 distriCution of 1.00C,Topological indice
PSN: Primary or secondary nitrogens0,Topological indice
SLF: Sum of path lengths starting from oxygens_30,Topological indice
TPS: Topological polar surface area_30,Topological indice
PSN: Primary or secondary nitrogens00,Topological indice
PSN: Primary or secondary nitrogens01,Topological indice
PSN: Primary or secondary nitrogens10,Topological indice
SLF: Sum of path lengths starting from oxygens_300,Topological indice
SLF: Sum of path lengths starting from oxygens_301,Topological indice
SLF: Sum of path lengths starting from oxygens_302,Topological indice
SLF: Sum of path lengths starting from oxygens_310,Topological indice
SLF: Sum of path lengths starting from oxygens_320,Topological indice
TPS: Topological polar surface area_300,Topological indice
TPS: Topological polar surface area_301,Topological indice
TPS: Topological polar surface area_302,Topological indice
TPS: Topological polar surface area_310,Topological indice
TPS: Topological polar surface area_320,Topological indice
PSN: Primary or secondary nitrogens000,Topological indice
PSN: Primary or secondary nitrogens001,Topological indice
PSN: Primary or secondary nitrogens010,Topological indice
PSN: Primary or secondary nitrogens011,Topological indice
PSN: Primary or secondary nitrogens100,Topological indice
PSN: Primary or secondary nitrogens101,Topological indice
PSN: Primary or secondary nitrogens110,Topological indice
SLF: Sum of path lengths starting from oxygens_3000,Topological indice
SLF: Sum of path lengths starting from oxygens_3001,Topological indice
SLF: Sum of path lengths starting from oxygens_3002,Topological indice
SLF: Sum of path lengths starting from oxygens_3010,Topological indice
SLF: Sum of path lengths starting from oxygens_3011,Topological indice
SLF: Sum of path lengths starting from oxygens_3012,Topological indice
SLF: Sum of path lengths starting from oxygens_3020,Topological indice
SLF: Sum of path lengths starting from oxygens_3021,Topological indice
SLF: Sum of path lengths starting from oxygens_3022,Topological indice
SLF: Sum of path lengths starting from oxygens_3100,Topological indice
SLF: Sum of path lengths starting from oxygens_3101,Topological indice
SLF: Sum of path lengths starting from oxygens_3102,Topological indice
SLF: Sum of path lengths starting from oxygens_3110,Topological indice
SLF: Sum of path lengths starting from oxygens_3120,Topological indice
SLF: Sum of path lengths starting from oxygens_3200,Topological indice
SLF: Sum of path lengths starting from oxygens_3201,Topological indice
SLF: Sum of path lengths starting from oxygens_3202,Topological indice
SLF: Sum of path lengths starting from oxygens_3210,Topological indice
SLF: Sum of path lengths starting from oxygens_3220,Topological indice
TPS: Topological polar surface area_3000,Topological indice
TPS: Topological polar surface area_3001,Topological indice
TPS: Topological polar surface area_3002,Topological indice
TPS: Topological polar surface area_3010,Topological indice
TPS: Topological polar surface area_3011,Topological indice
TPS: Topological polar surface area_3012,Topological indice
TPS: Topological polar surface area_3020,Topological indice
TPS: Topological polar surface area_3021,Topological indice
TPS: Topological polar surface area_3022,Topological indice
TPS: Topological polar surface area_3100,Topological indice
TPS: Topological polar surface area_3101,Topological indice
TPS: Topological polar surface area_3102,Topological indice
TPS: Topological polar surface area_3110,Topological indice
TPS: Topological polar surface area_3120,Topological indice
TPS: Topological polar surface area_3200,Topological indice
TPS: Topological polar surface area_3201,Topological indice
TPS: Topological polar surface area_3202,Topological indice
TPS: Topological polar surface area_3210,Topological indice
TPS: Topological polar surface area_3220,Topological indice
CNHCA: NH- count composition of A,Molecular fingerprint
CNHCB: NH- count composition of B,Molecular fingerprint
CNHAB: NH- count transition between A and B,Molecular fingerprint
CNHA0: NH- count distribution of 0.00A,Molecular fingerprint
CNHA1: NH- count distribution of 0.25A,Molecular fingerprint
CNHA2: NH- count distribution of 0.50A,Molecular fingerprint
CNHA3: NH- count distribution of 0.75A,Molecular fingerprint
CNHA4: NH- count distribution of 1.00A,Molecular fingerprint
CNHB0: NH- count distribution of 0.00B,Molecular fingerprint
CNHB1: NH- count distribution of 0.25B,Molecular fingerprint
CNHB2: NH- count distribution of 0.50B,Molecular fingerprint
CNHB3: NH- count distribution of 0.75B,Molecular fingerprint
CNHB4: NH- count distribution of 1.00B,Molecular fingerprint
CNH: NH- count0,Molecular fingerprint
CNH: NH- count1,Molecular fingerprint
CNH: NH- count00,Molecular fingerprint
CNH: NH- count01,Molecular fingerprint
CNH: NH- count10,Molecular fingerprint
CNH: NH- count11,Molecular fingerprint
CNH: NH- count000,Molecular fingerprint
CNH: NH- count001,Molecular fingerprint
CNH: NH- count010,Molecular fingerprint
CNH: NH- count011,Molecular fingerprint
CNH: NH- count100,Molecular fingerprint
CNH: NH- count101,Molecular fingerprint
CNH: NH- count110,Molecular fingerprint
CNH: NH- count111,Molecular fingerprint
